seat,name,city,lang
#001,Priya,Pune,en
#002,Rahul,Jaipur,hi
#003,Sofía,Madrid,es
#004,Leo,Madrid,en
#005,Chloé,Ahmedabad,en
#006,Sofía,Lucknow,en
#007,Lina,Kochi,es
#008,Neha,Hyderabad,en
#009,Simran,Dubai,en
#010,Rahul,Berlin,en
#011,Emma,Berlin,en
#012,Maya,Lucknow,en
#013,Yuki,Hyderabad,hi
#014,Ananya,Chennai,en
#015,Arnav,Delhi,en
#016,Tara,Delhi,en
#017,Aarav,London,en
#018,Noah,Singapore,hi
#019,Diya,Bengaluru,en
#020,Arjun,Delhi,en
#021,Varun,Mumbai,en
#022,Lucas,Kolkata,es
#023,Noah,Ahmedabad,en
#024,Rahul,London,es
#025,Varun,Toronto,hi
#026,Nia,Goa,en
#027,Nia,Singapore,en
#028,Arjun,Delhi,en
#029,Priya,Madrid,en
#030,Karan,Mumbai,en
#031,Kavya,Chennai,en
#032,Yuki,Indore,en
#033,Riya,Chennai,en
#034,Elena,Kolkata,en
#035,Chloé,Indore,en
#036,Omar,Dubai,en
#037,Elena,Bengaluru,en
#038,Karan,Pune,hi
#039,Pooja,Kochi,en
#040,Zara,Pune,hi
#041,Simran,Berlin,en
#042,Riya,Chennai,en
#043,Chloé,Lisbon,hi
#044,Zara,Bengaluru,en
#045,Mateo,Kochi,en
#046,Sofía,Kolkata,en
#047,Neha,Delhi,en
#048,Amara,Singapore,en
#049,Ishaan,Indore,hi
#050,Lina,Kochi,en
#051,Noah,Pune,en
#052,Nia,Kolkata,en
#053,Nia,Berlin,es
#054,Aditya,Dubai,es
#055,Zara,Indore,en
#056,Tara,Chennai,en
#057,Kiara,Chennai,en
#058,Anika,Pune,en
#059,Lina,Madrid,en
#060,Simran,Kolkata,en
#061,Vihaan,Chennai,en
#062,Rahul,Jaipur,es
#063,Dev,Goa,es
#064,Kabir,Singapore,en
#065,Leo,Berlin,es
#066,Arjun,Singapore,en
#067,Diya,Hyderabad,hi
#068,Leo,Lisbon,hi
#069,Karan,Lisbon,hi
#070,Maya,Kolkata,es
#071,Ravi,London,en
#072,Tara,Ahmedabad,en
#073,Siddharth,Lisbon,en
#074,Arjun,Pune,en
#075,Sana,Kochi,en
#076,Chloé,Delhi,en
#077,Rehan,Indore,en
#078,Nisha,Ahmedabad,en
#079,Sofía,Chennai,hi
#080,Kabir,Delhi,en
#081,Aditya,Pune,en
#082,Aditya,Jaipur,en
#083,Samar,Lucknow,hi
#084,Varun,Toronto,en
#085,Simran,Toronto,en
#086,Maya,London,en
#087,Sana,Kochi,en
#088,Nia,Pune,es
#089,Rohan,Ahmedabad,en
#090,Anika,London,hi
#091,Aditya,Bengaluru,en
#092,Kabir,Goa,en
#093,Amara,Pune,hi
#094,Kiara,Bengaluru,en
#095,Lucas,Indore,es
#096,Vihaan,Lucknow,en
#097,Ananya,Hyderabad,en
#098,Noah,Singapore,en
#099,Leo,Kolkata,hi
#100,Aditya,Lisbon,en
